rho,eta,gamma,rmse,r2,rmse_pct_of_atm,n_contracts,n_expirations
-0.25187565124976674,0.4048212275479799,0.9999999999961464,0.16307998656251393,0.9288435153854308,21.813226956553063,495,10
